id;dvi_code;dvi_name;dvi_cretime;dvi_creid;dvi_modtime;dvi_modid
1;Principal Cotton;Underpass;2021-01-18T16:50:58;Designer;2021-01-19T02:12:19;input
2;Handmade Frozen Computer radical Rustic Cotton Pizza;Utah Towels Groves;2021-01-18T05:43:20;South Africa Chips turquoise;2021-01-18T17:55:54;firewall applications
3;overriding;matrix portals;2021-01-19T01:15:03;microchip Response;2021-01-18T21:02:28;circuit
4;redundant Steel;index;2021-01-19T01:51:11;Refined Rubber Chair Usability;2021-01-18T17:48:11;Proactive Turnpike
5;Industrial;New Hampshire Berkshire silver;2021-01-19T02:34:47;bypass red;2021-01-18T09:09:18;Orchestrator
6;Refined Cotton Computer CSS Facilitator;Mobility synthesize;2021-01-18T20:40:06;deposit;2021-01-19T02:03:41;Rand
7;Wooden;Fresh;2021-01-19T04:12:48;zero defect;2021-01-18T13:33:37;calculating Intelligent Frozen Shoes Fantastic
8;B2B;Personal Loan Account;2021-01-18T13:49:26;United States of America lavender SDD;2021-01-18T12:28:53;Pants
9;index next generation;Rubber expedite;2021-01-18T16:34:46;port Multi-lateral back up;2021-01-18T21:53:03;multi-byte Books
10;deposit input;Rial Omani Shirt integrated;2021-01-19T02:03:48;indigo withdrawal;2021-01-18T12:25:16;Product architect Czech Koruna
