id;evnin_time;evnin_es_code;evnin_deviceid;evnin_dvi_mod_num;evnin_dvi_code;evnin_unit_uc_code;evnin_unit_code;evnin_unit_name;evnin_unit_addr;evnin_theme;evnin_memo;evnin_isres;evnin_res_memo;evnin_cretime;evnin_creid;evnin_modtime;evnin_modid
1;2021-01-18T22:10:48;open-source Director Developer;deposit virtual orchid;63192;Interactions;Operative Rial Omani Generic;Technician;Berkshire Kansas;well-modulated PCI digital;Games Avon;unleash Granite Checking Account;true;Metal Intelligent Metal Fish Chips;2021-01-18T17:22:05;e-markets;2021-01-18T17:54:10;SMS Rustic blue
2;2021-01-18T18:32:48;Practical Neck Re-engineered;Outdoors;80093;engage COM payment;Automotive;real-time impactful;budgetary management Markets CSS;payment Tasty Rubber Cheese;Bolivar Fuerte Devol;bifurcated;true;Supervisor 24/7;2021-01-18T11:42:31;Small Steel Table workforce innovate;2021-01-18T11:02:52;Freeway dedicated
3;2021-01-18T12:47:57;Wyoming Interactions deposit;interface;93200;Lodge Handmade Kansas;Zloty;Principal;local area network aggregate driver;Handmade Steel Ball Games;Switchable;protocol system world-class;false;Chair Pennsylvania Home Loan Account;2021-01-18T16:49:01;COM;2021-01-18T22:25:58;Village
4;2021-01-18T07:06:54;generating compelling Senior;Tuna Outdoors;90504;Lek supply-chains Internal;Research Pizza;firewall Realigned;Credit Card Account Automotive;Ergonomic Concrete Gloves neutral;Home Loan Account in;IB leverage Dynamic;true;Keyboard Vista neural;2021-01-18T21:21:00;United Arab Emirates Future;2021-01-18T13:17:47;Locks B2B invoice
5;2021-01-18T18:30:39;payment;Intranet front-end;23643;maroon;Planner;Product;optimizing Data magenta;transmitting Credit Card Account;Customer SSL eyeball;Enhanced;false;scale;2021-01-18T09:09:00;Samoa virtual;2021-01-18T23:58:58;Bedfordshire
6;2021-01-19T01:37:12;Avon Money Market Account frictionless;systems;72014;orange;Fantastic Internal;Money Market Account Principal Operations;New Mexico Shoes;virtual;blue redundant;niches Creative alarm;true;Bedfordshire overriding Metal;2021-01-19T04:56:33;Decentralized navigating forecast;2021-01-19T05:06:26;Cambridgeshire
7;2021-01-18T16:30:44;quantify Cayman Islands Dollar;bypassing Netherlands;36482;Investment Account engage Fords;Guyana Personal Loan Account Persistent;ROI;Rufiyaa;Rustic Rubber Pizza Handcrafted;Public-key bleeding-;Tasty Rubber Cheese payment Personal Loan Account;false;invoice;2021-01-18T12:10:24;synthesize project;2021-01-18T18:36:15;connecting
8;2021-01-19T05:04:16;Fantastic Wooden Fish Total Lodge;optical;31969;Hat Indiana;Mobility;web services;Squares Enhanced;Jewelery;XSS Buckinghamshire ;bypass Integration;false;generate compelling;2021-01-18T07:11:25;Investment Account Architect;2021-01-18T22:51:17;Soft Direct
9;2021-01-19T03:08:25;withdrawal Designer;Tuna navigating;21905;Handcrafted Accountability Small Concrete Tuna;monitoring interfaces Specialist;backing up circuit;e-services;IB;Table digital;withdrawal index;true;web-readiness technologies;2021-01-18T22:11:15;Awesome turquoise;2021-01-18T07:18:18;card
10;2021-01-18T14:15:18;primary;Ball;73166;Sleek synergy;metrics;navigate;uniform Rupiah;Direct;Metal;Towels wireless;true;streamline Plastic Taiwan;2021-01-18T09:22:56;Intranet Dynamic;2021-01-18T05:25:02;Unbranded IB streamline
