id;sc_code;sc_name;sc_cretime;sc_creid;sc_modtime;sc_modid
1;protocol payment solution;deposit Assistant;2021-01-18T07:40:30;Salad Officer;2021-01-18T23:01:59;intangible Plastic Refined
2;Associate COM Steel;Usability Technician;2021-01-18T11:46:56;orange product Digitized;2021-01-18T20:53:07;hack
3;Computers;Keyboard;2021-01-18T05:59:38;24/7 Moldova;2021-01-18T20:17:50;Designer
4;Engineer Future;Factors Home Loan Account;2021-01-18T10:19:37;partnerships orchid Sleek Metal Bike;2021-01-18T07:40:30;Nevada
5;Central Strategist HTTP;Concrete content-based;2021-01-18T23:32:15;cyan Checking Account Fantastic Cotton Fish;2021-01-18T07:07:16;HTTP Movies SMS
6;Greens green;Manager violet;2021-01-18T12:24:53;withdrawal Gold;2021-01-18T13:42:06;Tactics
7;pixel;Iowa;2021-01-18T11:00:52;Intuitive;2021-01-18T12:11:00;Avon engineer
8;Beauty;program;2021-01-18T11:32:25;wireless lavender back up;2021-01-18T09:06:57;New Hampshire grey Optional
9;Argentine Peso Granite;success Handmade Frozen Car;2021-01-18T06:11:13;background Supervisor homogeneous;2021-01-18T06:27:32;seize platforms Nigeria
10;Japan;Tanzania;2021-01-18T17:58:01;firewall Malawi black;2021-01-18T15:13:42;Home Loan Account Program Practical
