id;unit_uc_code;unit_code;unit_name;unit_addr;unit_longitude;unit_latitude;unit_pic;unit_phone;unit_email;unit_cretime;unit_creid;unit_modtime;unit_modid;unit_logip;unit_sign_date
1;Automotive;virtual azure Berkshire;Fish cross-platform;Branding;integrate;Wooden Leg;ivory Keyboard;Taka;Home Loan Account Sausages invoice;2021-01-18T16:27:37;strategize web-enabled;2021-01-18T12:20:14;Marshall Islands Sports;hacking Bedfordshire synthesiz;2021-01-18T09:12:26
2;Money Market Account overriding Dynamic;Chips;Central;cross-platform Digitized;payment;IB Generic;card programming Moroccan Dirham;24/7 Knolls compress;compress reboot;2021-01-19T00:57:32;Dynamic;2021-01-19T04:21:45;generating Wooden;Norwegian Krone Analyst;2021-01-18T11:11:03
3;leading-edge Sleek;hacking;Minnesota Handmade;SDD microchip;Incredible;innovative;Investment Account yellow West Virginia;digital;purple parsing Movies;2021-01-19T04:14:44;Cyprus Rubber matrix;2021-01-18T23:19:29;USB 3rd generation;hack;2021-01-18T14:21:12
4;syndicate;ROI;Buckinghamshire;override Minnesota Savings Account;Configurat;AGP;Plastic system Cotton;wireless compress SD;Specialist;2021-01-19T03:21:42;focus group Investment Account;2021-01-19T02:59:54;web services;Future synthesize;2021-01-18T10:07:31
5;invoice Corporate Checking Account;SCSI;Argentine Peso cross-platform Borders;Home Loan Account neural Electronics;Savings Ac;Awesome Ru;alarm;Cotton real-time;web-readiness;2021-01-18T08:30:47;Handcrafted connect Hong Kong Dollar;2021-01-18T16:08:45;Web Dynamic Sleek;index;2021-01-18T21:48:06
6;SQL;Global;Credit Card Account SSL;Graphical User Interface;Planner;bandwidth ;array Incredible Concrete Shoes matrices;Gardens technologies;Future Berkshire;2021-01-18T18:48:05;index;2021-01-18T09:42:30;deposit;empowering synthesize;2021-01-19T04:40:40
7;asymmetric;XML;Fully-configurable Proactive Licensed;Inlet quantifying;Concrete S;Stand-alon;Bolivia;Benin;Buckinghamshire grow Producer;2021-01-18T08:54:16;orange Cambridgeshire Nebraska;2021-01-18T08:51:38;Unbranded Engineer Small;National Haiti applications;2021-01-19T03:21:35
8;Advanced Mill Arizona;Israel;engage;Nebraska payment indigo;Phased;turquoise;Intranet;local area network c;Assistant Metal;2021-01-18T08:48:25;Avenue;2021-01-18T15:31:41;Handmade Metal Table Electronics;hacking Cotton;2021-01-18T10:38:24
9;Antigua and Barbuda;didactic;Arizona Streamlined compressing;cross-platform Avon Haiti;enterprise;customer l;withdrawal back-end;sky blue SMTP;Fresh;2021-01-18T19:43:48;Grocery;2021-01-19T00:17:47;Grocery Refined;Fiji redundant;2021-01-18T08:52:48
10;Unbranded Rubber Fish;Congo Computers Small Granite Hat;Awesome Concrete Shoes connecting;black Netherlands;Implementa;Keyboard;copying Philippine Peso Automotive;Music Handmade Woode;Marketing program;2021-01-18T15:24:29;Strategist models;2021-01-18T08:07:07;Drive Forward optical;Sudan;2021-01-18T15:41:34
